{
  "project_info": {
    "project_number": "549163086277",
    "project_id": "budgeto-58175",
    "storage_bucket": "budgeto-58175.appspot.com"
  },
  "client": [
    {
      "client_info": {
        "mobilesdk_app_id": "1:549163086277:android:2d445cd1ca50d465029bac",
        "android_client_info": {
          "package_name": "com.mydomainname.mycompanyname"
        }
      },
      "oauth_client": [],
      "api_key": [
        {
          "current_key": "AIzaSyBiUPYA0gmJxku85OO466JMygbtTDler8M"
        }
      ],
      "services": {
        "appinvite_service": {
          "other_platform_oauth_client": []
        }
      }
    }
  ],
  "configuration_version": "1"
}